,中文文本,英文,西文,,
channelType,頻道類型,Channel Category,Categoría,,
subscriberCount,訂閱數,Subscribers,Suscriptores,,
totalViewCount,總觀看數,Total Views,Vistas Totales,,
totalEngegementCount,總互動數,Total Engagements,La tasa de interacción,,
avgEngageRate,平均互動率,Avg Engagement,La tasa de interacción media,,
videoCount,影片總數,Total videos,Número de videos,,
recentAvgViewCount,近20支平均觀看數,Avg views of 20 videos,Vistas prom. de los últimos 20 vídeos,太長惹,
recentAvgEngageRate,近20支平均互動率,Avg eng of 20 videos,Interacción media de los último 20 vídeos,太長惹,
twoMonthAvgViewCount,近2個月平均觀看數,Avg views in last 2 month,Vistas prom. en los últimos 2 meses,太長惹,
twoMonthAvgEngageRate,近2個月平均互動率,Avg eng in last 2 month,Interacción media de los último 20 vídeos,太長惹,
todaySubscriberCount,日訂閱數,Daily Subscribers,Suscriptores Diarios,,
todaySubscriberRate,日訂閱成長率,Daily Subscriptions Growth,Crecimiento de suscriptores diarios,,
todayViewCount,日觀看數,Daily Views,Vistas Diarias,,
todayViewRate,日觀看成長率,Daily Views Growth,Crecimineto de vistas diarias,,
monthSubscriberCount,月訂閱數,Monthly Subscribers,Suscriptores Mensuales,,
monthSubscriberRate,月訂閱成長率,Monthly Subscriptions Growth,Crecimiento mensual de suscriptores ,,
monthViewCount,月觀看數,Monthly Views,Visualizaciones de mes,,
monthViewRate,月觀看成長率,Monthly Views Growth,Crecimiento de visualizaciones de mes,,
,,,,,
nav_service,服務與方案,Pricing,Precio,,
nav_pricing,付費方案,Pricing,Precio,,
nav_contact,聯絡我們,Contact,Contáctenos,,
nav_start,開始使用,Start,Empice Ya,,
nav_user_login,帳號登入,Login,Inciar Seción,,
nav_googlelogin,使用 Google 帳號登入,Login with Google,Inciar seción con Google,,
nav_email,Email 帳號,Email,Email,,
nav_password,密碼,Password,Contraseña,,
nav_login,登入,Login,Inciar Sesión,,
,,,,,
user_givememoneyfirst,請先升級方案以使用,Please upgrade account plan to use,Actualizar ahora,,
user_check_pricing,查看方案,Check Pricing,Precio,,
user_not_now,不是現在,Not Now,Ahora no,,
user_unlock_data,升級以獲得資料,Unlock Data,Actualizar ahora,,
,,,,,
user_forget_password,忘記密碼,Forgot password,Olvidé mi contraseña,,
user_your_email,輸入信箱以取得密碼,your email,Correo electrónico,,
user_send_email,發送信件,Send verify mail,Envía el correo de verificación,*padding 20 更改,
,,,,,
user_fast_signup,快速註冊,Sign up,Registrarse,,
user_googlesignup,使用 Google 帳號註冊,Sign up with Google,Regístrase con Google,,
user_email_signup,Email （作為帳號與收取驗證信）,Email (Your account and receiving a verification email),La dirección de email (para ser su cuenta y recibir el correo de verificación),,
user_password_signup,密碼（限制8 - 24位英文與數字）,Password (8-24 characters),Contraseña (8-24 caracteres de longitud),,
user_confirm_password,請再次輸入密碼,Confirm password,Confirmar la contraseña,,
user_signup,註冊,Sign up,Registrarse,,
user_already_signup,已經註冊過了?,Already Sign up?,¿Ya te registaste?,,
user_has_been_taken,email已被使用,Email has been taken,El email ya esta en uso,,
user_has_not_been_taken,此信箱尚未註冊,Email has not  been taken,Correo electrónico válido,,
user_signup_success,註冊成功，請至信箱收取驗證信,Sign up success. Please check your email to verify.,¡Registro exitoso! Compruebe si recibiste el correo de verificación.,,
user_email_verify,驗證信發送成功，請至信箱收件,The mail has been sent! Please check to verify.,Compruebe si recibiste el correo electrónicode veriificación.,,
user_terms_agree,我同意,I agree,Acepeto,,
,,,,,
user_invalid_account_or_password,密碼錯誤，檢查或點選下方忘記密碼,"Invalid password, recheck or click Forget password",La contraseña no es válida. ¿Olvidaste la contraseña?,,
user_account_not_verifiied,帳號未驗證，請至信箱收取驗證信,The account has not been verified. Please check your email to verify.,La cuenta no esta verificada.Compruebe si recibiste el correo electrónicode veriificación.,,
user_correct_email_format,請輸入正確的email格式,Please enter the correct email format.,Compruebe si el e-mail que has introducido es correcto,,
user_account_not_exist,此帳號不存在,This account doesn’t exist.,El usuario no existe.,,
,,,,,
user_active_verifying,資料驗證中...請稍後,Verifying ... Please wait,"Espere, por favor.",,
,,,,,
slide_ranking,排行榜,Ranking,Ranking,,
slide_search,網紅檢索,Search,Buscar,,
slide_project_management,提案管理,Proposals,Propuesta,,
slide_lottery,抽獎助手,Comment Picker,Sorteo de comentarios,太長惹,
,,,,,
404_coming_soon_01,Oops! 404 Error.,Oops! 404 Error.,"Uy, Error 404.",,
404_coming_soon_02,頁面不存在,Page not found.,PÁGINA NO ENCONTRADA,,
404_comingsoon_01,為了服務品牌、代理商以及 YouTube 創作者（YouTuber），,"For service brands, agencies and YouTubers, ","Ofrecemos servicios de analíticas de redes sociales para las marcas, agencias y los influencers.",,
404_comingsoon_02,InteRed將提供創作者檢索、數據圖表、提案管理等功能，,"InteRed provides tools like influencers searching, data graphics and project management","Ofrecemos una herramienta para buscar el youtuber, reportar los datos, gestionar las propuestas.",,
404_comingsoon_03,讓您在 YouTube 行銷活動上感受前所未有的便利。,to optimize your YouTube marketing or business.,"Con InteRed, usted puede aquirir las informaciones sobre los influencers.",,
404_learn_more,了解更多,Learn more,Más Informacíon,,
,,,,,
lottery_title_01,YouTube 影片留言抽獎,Lucky draw  for YouTube Comments,Sorteo de Comentarios de YouTube,,
lottery_title_02,,,,,
lottery_intro,為了讓品牌、代理商以及 YouTube 創作者（YouTuber）行銷活動執行更順利，InteRed 提供方便快速的抽獎小工具供使用，只要貼上影片網址、輸入篩選關鍵字及抽出人數就可以立即抽出名單！,"We provide services for brands, agencies and YouTubers' marketing projects on YouTube more convenient, InteRed provides the handiest lottery tools. Just paste the video URL, fill in the keyword and winners, and click draw.","Ofrecemos una herramienta de sorteo con uso fácil para las marca, las agencias y youtubers. Al introducir el URL del video, palabra clave y números sorteados ya sale la lista!",,
,,,,,
,,,,,
,,,,,
lottery_url,影片網址,URL,URL,,
lottery_url_example,https://www.youtube.com/watch?v=XXXXXXXXXX,https://www.youtube.com/watch?v=XXXXXXXXXX,https://www.youtube.com/watch?v=XXXXXXXXXX,,
lottery_paste_url,請完整貼上影片網址,Paste full URL here,Pegar URL ,,
,,,,,
lottery_keyword,抽獎關鍵字,Keyword,La palabra clave,,
lottery_nokeyword,若無需篩選抽獎關鍵字，請保持欄位空白,"If no need for keyword, left the column blank","Si no tiene la palabra clave, déjelo en blanco",,
,,,,,
lottery_winners,抽出人數,Winners,El número de ganadores,,
lottery_number,請輸入數字,Please fill in the number,introduzca números,,
,,,,,
lottery_start,開始抽獎！,Start,¡Empieza!,,
,,,,,
lottery_result,抽獎結果,Result,Resultado,,
lottery_name,留言名稱,Name,Nombre,,
lottery_content,留言內容,Content,Comentario,,
lottery_time,留言時間(最後編輯),Time (last edited),última modificaión,,
lottery_redraw,重新抽獎,Redraw,¡Hazlo otra vez!,,
lottery_url_error,注意：請輸入 YouTube 影片網址,Paste the video URL!,"Por favor, introduce el URL del vídeo",,
lottery_keyword_error,注意：無留言符合抽獎關鍵字,No comment match the keyword!,Los comentario no coinciden la palabra clave!,,
lottery_amount_error,注意：留言人數不足抽出人數,The number of winners more than the number of comments!,El número de ganadores es más que el número de comentarios!,,
lottery_unknown_error,錯誤：請確認輸入的是有效影片,Error. Please confirm your video is valid.,"Por favor, introduce un vídeo válido",,
,,,,,
,"讓最了解 YouTube 的 InteRed
協助您的創作與品牌成長！","Let InteRed, who knows YouTube best, support your creation and business growth!",,,
,"留下您的Email，
當產品上線時我們將會優先通知，讓您搶先體驗完整付費功能！",Enter your email address and we will first let you know when our products go live.,,,
,請輸入您的Email,Enter your email address,,,
,成功送出資料，敬請耐心等候！,Your subscription has been confirmed. You've been added to our list and will hear from us soon.,,,
,,,,,
pricing,方案價格,Pricing,Precio,,
pricing_rank_01,完整排行榜,Full Ranking List,Lista de ranking,,
pricing_rank_02,8個關鍵數據分類排行榜,8 Key Data Metrics,8 datos claves sobre el canal,,
pricing_rank_03,"全球20,000+頻道排行",Global Channels Ranking,Ranking de YouTube en el mundo,,
pricing_info_01,網紅檢索,Find YouTube Influencers,Buscar sobre el influencer,,
pricing_info_02,網紅頻道與作品完整檢索,All Channels & Videos Search,Buscar sobre el influencer o el vídeo,,
pricing_info_03,10+客製化篩選與排序,Fliters and Sorts ,clasificar y filtrar,,
pricing_data_01,數據分析,Data Analysis,Análisis de datos,,
pricing_data_02,頻道主題、表現與影片分析,"Analyze Channel Style, Performance and Videos",Datos y análisis de efectos de videos,,
pricing_data_03,累積、成長、互動數據與統計圖表,Detailed Trend Graphics,Monstrar la tasa de crecimientos y intracciones de YouTubers intuitivamente.,,
pricing_propoasal_01,提案清單管理,Proposal Management,Gestión de los propuestas.,,
pricing_propoasal_02,管理人選清單與自訂排行榜,Manage Influencers Proposals & Cutomized Your Own Ranking Chart,Gestión de la lista de artistas y el ranking personalizado ,,
pricing_propoasal_03,團隊共同協作管理,Team Cooperation,La cooperación en equipo,,
pricing_propoasal_04,一鍵下載與分享提案數據,One-Click Export or Share Proposals,Descarga y compartir archivos con un solo clic,,
pricing_month,/月, / month,/ mes,,
,,,,,
pricing_agency_1to5_1,第 1-5 名使用者：,For the first 1 to 5,para el 1º al 5°,,
pricing_agency_per_user,每名,per user,por usuario,,
pricing_agency_1to5_3,$199/月,$199 / month,$199 / mes,,
pricing_agency_6to10_1,第 6-10 名使用者：,For the next 6 to 10,para los próximos 6° al 10°,,
pricing_agency_6to10_3,$99/月,$99 / month,$99 / mes,,
pricing_agency_11up_1,第 11 名後使用者：,For the rest,para los demás,,
pricing_agency_11up_3,$29/月,$29 / month,$29 / mes,,
pricing_login,請登入,Login,Inciae Seción,,
pricing_not_yet,即將開放,coming soon,proximamente ,,
pricing_purchase,購買,purchase,Comprar Ahora,,
pricing_purchased,已購買,purchased,Ya Comprado,,
,,,,,
pricing_major,優化您的 YouTube 行銷與事業,Optimize your YouTube marketing business,Optimiza tu marketing en YouTube,,
pricing_outreach,搜尋創作者,Find YouTube Influencers,Buscar sobre los Influencers,,
pricing_big_data,數據分析呈現,Big Data Analysis,Análisis de macrodatos,,
pricing_project_management,提案管理編輯,Proposal Management,Gestión de propuestass,,
,,,,,
pricing_we_know_you,你們要什麼，InteRed 清楚,InteRed understand what exactly you need.,InteRed sabe lo que necesite.,,
pricing_data_tool,InteRed 是為了 YouTube 商業活動所量身打造的數據分析工具。,"Regardless of service brands, agencies and YouTubers, InteRed is a data analysis tool tailored for YouTube's business activities.",InteRed es una herraminta para analizar todos los KPI de YouTube que importan a su negocio.,,
pricing_professional_analysis,無論是代理商、品牌、YouTube 創作者（YouTuber），InteRed 將頻道資料呈現一覽無遺。透過專業分析，幫助您在行銷以及創作策略上取得優勢。,InteRed shows all of the data of YouTube channel and professional analysis. It supports you to achieve success in marketing strategies.,"No importa que sea agencia, la marca o influencers, presentamos todos los KPIs de YouTube y los análisis de efectos de videos que impota su negocio.Con Intered, tiene éxito en el marketing y las estrategias de creación.","
",
,,,,,
pricing_control,掌握當前趨勢、洞悉網紅表現。,Stay at the cutting edge of market trends and understand clearly the performance of the influencer.,A la vanguardia de las tendencias y conoce el rendimiento del influencer.,,
pricing_search_tool_01,透過 InteRed 能讓代理商、品牌、YouTube 創作者（YouTuber）精準搜尋頻道。,"By using the channel searching tool, with multiple sorting options,","Agencia, marca o artista pueden encontrar canales de YouTube precisamente con IneRed.",,
pricing_search_tool_02,利用頻道關鍵指標，以最適合行銷策略的條件進行篩選、檢索。100%切合自身需求、為行銷活動快速找到適合人選，一次到位。,"InteRed helps agencies, brands and YouTubers to search for the most suitable channel for marketing projects.","dominar los índices cruciales, para ultilizar la estrategia marketing más adecudo y buscar con cierta condición",,
,,,,,
prcing_easy_plan,讓商業提案不再成為困難。,Make business plans more easily.,Facilita la propuesta comercial,,
prcing_convenient,InteRed 內建方便的提案管理系統，不必再花時間不斷搜尋、複製、貼上，讓代理商、品牌都能以數據做為基礎製作 YouTuber 提案清單。,"By using the convenient project management tool, agencies and brands can easily create YouTuber proposal list based on data.","con el sistema getión de propuestas incorporado en InteRed, no le hace falta gastar tiempo buscando, copianado y pegando",,
prcing_export,介面簡潔、一鍵匯出操作簡單，以數據作為基礎所挑出的人選公信力大大增加，,"It's very simple to complete your proposal, which is based on accurate data.",La agencia o la marca puede exportar sus lista de propuesta sobreYoutube con el base de datos,,
prcing_proposal_success,InteRed 讓你的提案無往不利。,InteRed makes your proposal successful and much easier.,InteRed le ayudamos a lograr con éxito su objetivo de la propuesta comercial.,,
pricing_trend_01,YouTube 行銷的時代正在來臨，,YouTube marketing trend is coming.,Marketing de Youtube han alcanzado la mayoría de edad,,
pricing_trend_02,你掌握趨勢了嗎？,Do you stay at the cutting edge of market trends?,¿Está en la vanguardia de las tendencias?,,
pricing_youtube_marketing_01,目前，社群行銷活動漸漸轉移至 YouTube 平台上推廣，,"Nowadays, more and more brands grow their business by influencer marketing ","hoy en dia, las actividades comerciales cada vez más activas en YouTube",,
pricing_youtube_marketing_02,越來越多的品牌決定以影音作為行銷媒介。,on YouTube as their marketing strategies.,y cada vez más marcas deciden elegir video como el tipo de medio para promocionar,,
,,,,,
pricing_difficulties,InteRed 團隊深刻理解在 YouTube 事業中可能會遭遇到的困難，,InteRed totally understands the difficulties that may happened in YouTube business.,Penamos para el éxito de su negocio en YouTube.,,
princing_saving_time,希望提供您實用且良好的使用體驗，替您節省寶貴、關鍵的時間。,"We hope to provide you with a practical and good experience, saving your valuable and critical time.",Con InteRed puede obtener los datos valiosos rápido y eficientemente.,,
princing_key_data,讓你輕鬆獲得關鍵數據，讓廠商溝通與頻道成長更順利、增加成功機會。,"It's easy for you to get key data, so that the communication and  growth are more smoothly and increase the chance of success.",Le queremos ofrecer un servicio que puede ayudar a generar acciones de marketing en YouTube completamente exitosas.,,
princing_free_consultation,預約免費諮詢,Book a free consultation,Solicite una consulta,,
princing_give_me_email,請輸入您的Email,Enter your email,Introduzca aquí su dirección de email,,
princing_we_will_contact_soon,我們已收到您的諮詢請求，專人將盡快與您聯絡,"We've recieved your request, and will contact you ASAP.","Hemos recibido su petición de información, le contestaremos lo antes posible.",,
,,,,,
rank_now,查詢喜歡的 YouTuber 排名,Find rank of YouTube Channel now,Buscar sobre el ranking del YouTuber,,
rank_input,輸入頻道名稱或網址,Enter Channel Name or URL,Ingresar la URL o nombre del canal,,
,,,,,
rank_big_data,InteRed透過大數據（Big Data）分析技術，即時掌握各頻道數據。,InteRed uses Big Data analysis to update the data of each channel timely.,,,
rank_sort_rank,並將不同YouTuber的關鍵數據進行分類與排名。,We uses the data to sort and rank for different YouTubers.,,,
,讓你輕鬆掌握優勢 YouTuber 以及自己的頻道數據。,,,,
,,,,,
,最值得信賴的 YouTube 數據分析工具,The most trusted YouTube data analysis tool.,,,
,協助經銷、代理商、多頻道聯播網(MCN)進行提案。,,,,
,以最適合的人選，精準完成內容行銷。,Finding the most suitable YouTuber for marketing projects.,,,
,,,,,
default,預設,default,Por defecto,,
country,地區,Location,Ubicación,,
category,類別,Category,Categoría,,
subscribers,訂閱數,Subscribers,Suscriptores,,
daily_subscribers,日訂閱數,Daily Subscribers,Suscriptores Diarios,,
monthly_subscribers,月訂閱數,Monthly Subscribers,Suscriptores al mes,,
monthly_subscriptions_growth,月訂閱成長率,Monthly Subscriptions Growth,Crecimiento mensual de suscriptores,有點長,
monthly_views,月觀看數,Monthly Views,Vistas mensuales,,
monthly_views_growth,月觀看成長率,Monthly Views Growth,Crecimiento mensual de vistas ,,
20_avg_views,近20支平均觀看數,The avg views of last 20 videos,Promedio de vistas de los últimos 20 vídeos,,
20_avg_engage,近20支平均互動率,The avg engagement rate of last 20 videos,Interacción media de los último 20 vídeos,,
,,,,,
monthly,,Monthly,Mensuales,,
the_avg_of_recent_videos,,Last 20 videos,Los ult. 20 vídeos,,
infoList_monthly_subscribers,月訂閱數,Subscribers,Suscriptores,,
infoList_monthly_subscriptions_growth,月訂閱成長率,Subscriptions Growth,Crecimiento de suscriptores,,
infoList_monthly_views,月觀看數,Views,Vistas,,
infoList_monthly_views_growth,月觀看成長率,Views Growth,Crecimientol de vistas,,
infoList_20_avg_views,近20支平均觀看數,Avg views,Tasa de vista prom.,,
infoList_20_avg_engage,近20支平均互動率,Avg engagement,La tasa media de interacción,,
,,,,,
rank_search_name,或者，在此條件下直接搜尋頻道名稱：,Or search by the channel name directly (by these conditions),O buscar el nombre directamente en estas condiciones,,
rank_name,輸入頻道名稱,Enter Channel Name,Introduzca el nombre del cannal,,
,,,,,
rank_1000,*列入訂閱數 1000 以上之頻道,"Include channels that have more than 1,000 subscribers",Incluye los canales con más de un mil de suscriptores,,
rank_updated_daily,*數據每日更新,Updated daily,La información se actualiza diariamente,,
rank_condition_1,在,",",en,,
rank_condition_2,的,",",",",,
rank_condition_3,排名,,,,
rank,排名,Ranking,Ranking,,
channel,頻道,Channel,Canal,,
channel_name,頻道名稱,Channel Name,El nombre del canal,,
channel_subscriber,頻道訂閱數,Subscribers,Suscriptores,,
channel_daily_subscribers,頻道日訂閱數,Daily Subscribers,Suscriptores diarios,,
channel_monthly_subscribers_gorwth,頻道月訂閱數,Monthly Subscribers Growth,Suscriptores por mes,,
channel_monthly_subscriptions_growth,頻道月訂閱成長率,Monthly Subscriptions Growth,Crecimiento de suscriptores al mes,,
channel_monthly_views,頻道月觀看數,Monthly Views,Vistas totales por mes,,
channel_monthly_views_growth,頻道月觀看成長率,Monthly Views Growth,Crecimiento de vistas totales por mes,,
channel_20_avg_views,頻道近20支平均觀看數,The avg views of last 20 videos,Promedio de visualizaciones de los últimos 20 vídeos,,
channel_20_avg_engage,頻道近20支平均互動率,The avg engagement rate of last 20 videos,La tasa media de interacción de los últimos 20 vídeos,,
,,,,,
channel_url,頻道連結,Channel URL,URL del canal,,
,,,,,
rank_want_more,想得到更詳細的頻道數據分析資料嗎?,Want more detailed channel data?,¿Más informaciones de los canales?,,
rank_more_data,取得更多資料,MORE DATA,Más datos,,
rank_more,更多,More,Más,,
,,,,,
send,送出,send,Enviar,,
or,或, or , o,,
rank_no_result_01,沒有出現您想要的結果嗎?,No result?,¿No hay resultado?,(delete),
rank_no_result_02,您可以試試,,Podría intentar,小建議,(頻道畫面截圖)
rank_no_result_03,嘗試其他關鍵字,Try different keywords ,ingresar otras palabras,檢查關鍵字,
rank_no_result_04,"將地區調整為 ""All""","change the location to ""All""","Cambiar la ubicación a ""All""",,
rank_no_result_05,直接輸入頻道 ID,Type the channel ID to reach the ranking,Introduzca el nombre del cannal,,
,,,,,
rank_want_more_01,想看到更多排行嗎? ,Want to see more?,¿Quiere ver más?,,Login to reach out the full ranking list
rank_want_more_02,查看付費方案,Upgrade now!,¡Actualizar su plan ahora!,登入搶先體驗完整功能 ,(delete)
rank_want_more_03,輸入名稱搜尋頻道排名吧!,Search channel by using its name as keyword,Ingrese el nombre del canal,頻道名稱查看排名,
rank_retry,重新查詢,retry,Inténtelo de nuevo,,
,,,,,
,InteRed 結合大數據分析 YouTube 頻道表現，,"To help you find the most suitable YouTuber for projects, InteRed uses data analysis to analyze the performance of YouTube channel.",,,
,讓你找到最適合的創作者、精準完成提案。,,,,
,了解更多 InteRed 所提供的數據及提案管理功能！,Learn more about InteRed's data and proposal management features!,,,
,,,,,
info_list_channel_search_tip,輸入任何頻道名稱,Any channel name,Nombre del canal,,
info_list_video_search_tip,輸入任何影片主題,Any video topic,Tema del vídeo,,
info_list_channel_search,頻道檢索,Channel searching,Buscar sobre los canales,,
info_list_video_search,影片檢索,Video searching,Buscar sobre los vídeos,,
info_list_sort,排序條件,Sort by,Ordenar por,,
info_list_sort_relevance,關聯性,Relevance,Pertinencia ,,
info_list_sort_default_relevance,（預設為關聯性）,Relevance (default),Pertinencia (por defecto),,
info_list_sort_default,（預設為訂閱數）,Subscribers (default),Suscrito (por defecto),,
info_list_sort_high,由大到小,Highest first,de más alto a más bajo,,
info_list_sort_low,由小到大,Lowest first,de más bajo a más alto,,
info_list_type_autos,汽車與交通工具,Autos & Vehicles,Vehículos,,
info_list_type_comedy,喜劇,Comedy,Comedia,,
info_list_type_education,教育,Education,Educación,,
info_list_type_entertainment,娛樂,Entertainment,"Entretenimiento

",,
info_list_type_film,電影與動畫,Film & Animation,Cine y animación,,
info_list_type_gaming,遊戲,Gaming,Videojuegos,,
info_list_type_howto,DIY 教學,Howto & Style,Consejos y estilo,,
info_list_type_music,音樂,Music,Música,,
info_list_type_news,新聞與政治,News & Politics,Noticias y política,,
info_list_type_nonprofits,非營利組織與社運活動,Nonprofits & Activism,ONG y activismo,,
info_list_type_people,人物與網誌,People & Blogs,Gente y blogs,,
info_list_type_pets,寵物與動物,Pets & Animals,Mascotas y animales,,
info_list_type_science,科學與科技,Science & Technology,Ciencia y tecnología,,
info_list_type_shows,節目,Shows,Programas,,
info_list_type_sports,體育,Sports,Deportes,,
info_list_type_travel,旅行與活動,Travel & Events,Viajes y eventos,,
,,,,,
info_list_channel_input,搜尋頻道名稱,Search for a channel name,Buscar sobre el nombre del canal,,
info_list_video_input,"搜尋影片主題 像是""美妝""","Search for a topic, like ""makeup""","Buscar sobre el tema, como ""maquillaje""",,
info_list_video_category,影片類型,Video Category,Categorías de YouTube,,
info_list_video_views,影片觀看數,Views,Vistas,,
info_list_video_engage,影片互動率,Engagement Rate,Tasa de Interacción,,
info_list_video_channel,頻道詳細資訊,Channel Information,Información del canal,,
,,,,,
info_list_monthly,,Last month,El último mes,,
info_list_monthly_subscriptions_growth,月訂閱成長率,Sub. Growth,El crecimiento de suscriptores por mes,,
info_list_monthly_views,月觀看數,Views,Vistas,,
info_list_monthly_views_growth,月觀看成長率,Views Growth,El crecimiento de vistas,,
info_list_monthly_views_growth,,Last 20 videos,Los últimos 20 videos,,
info_list_monthly_views_growth,頻道近20支平均觀看數,Avg views,Promedio de vistas de los últimos 20 videos,,
info_list_monthly_views_growth,頻道近20支平均互動率,Avg engagement rate,Interacción media de los últimos 20 videos,,
,,,,,
info_clean_list,清空,Clear,Eliminar,,
info_list_import,匯入至提案,Import,Impotar,,
info_list_already_improted,已匯入至提案中,Already Imported,Ya se ha importado,,
,,,,,
info_about,頻道資訊,About,Informacioón del canal,,
,,,,,
info_total_views,總觀看次數,Total Views,Vistas totales,,
info_avg_engage,平均互動率,Average engagement rate,La tasa media de interacción,,
info_topic,類型,Category,Categoría,,
info_total_videos,影片總數,Total videos,Números de videos,,
info_subscribers,訂閱數,Subscribers,Suscriptores,,
,,,,,
info_info,基本資訊,Information,Información,,
info_theme,影片主題,Theme,Tema,,
info_category,影片分類,Category,Categoría,,
,,,,,
info_interval,每區間人數,People per interval,,,
,,,,,
info_recent,近期影片表現,The performance of recent videos,El rendimiento de los últimos videos,,
info_20,最近20支,Last 20 videos,Los último 20 videos,,
info_2month,最近2個月,Last 2 month,último 2 meses,,
info_20_high_views,觀看次數最高,Highest views,Las vistas más alta,,
info_20_low_views,觀看次數最低,Lowest views,Las vistas más baja,,
info_20_high_engage,互動率最高,Highest engagements,Interacción más alta,,
info_20_low_engage,互動率最低,Lowest engagements,Interacción más baja,,
info_20_avg_views,平均觀看次數,Average views,Promedio de vistas,,
info_20_avg_engage,平均互動率,Average engagement rate,La tasa media de interacción,,
info_video_count,支影片,videos,videos,,
info_2month_most_video,（最多顯示 240 支）,(240 videos at most),(240 videos como máximo),,
info_data_collecting,*資料蒐集中！,*Data collecting ...,Recogiendo datos...,,
,,,,,
info_last_day,過去一天,Last day,El último día,,
info_last_day_subscribers,日訂閱數,Subscribers,Suscriptores,,
info_last_day_subscriber_growth,日訂閱成長率,Growth,Crecimiento ,,
info_last_day_views,日觀看數,Views,Vistas,,
info_last_day_views_growth,日觀看成長率,Growth,Crecimiento ,,
,,,,,
info_last_month,過去一個月,Last month,El último mes,,
info_last_info_last_month_subscribers,月訂閱數,Subscribers,Suscriptores,,
info_last_info_last_month_subscriber_growth,月訂閱成長率,Growth,Crecimiento ,,
info_last_info_last_month_views,月觀看數,Views,Vistas,,
info_last_info_last_month_views_growth,月觀看成長率,Growth,Crecimiento ,,
,,,,,
info_graphics,趨勢圖表,Trend Graphics,Gráfico de ejecución,,
info_graphics_view_minus,* 影片被刪除或下架將使觀看數為負值,* Views would be negative when videos has been deleted,El número de vistas será negativo si se elimina el vídeo ,,
,,,,,
info_add_proposal,加入提案,Add proposal,Añadir una propuesta,,
info_new_proposal_name,輸入新提案名稱,Create a new proposal,Crear una propuesta,,
info_no_proposal,您目前還沒有任何提案,You haven't added any proposal,No ha añadido ninguna propuesta,,
info_unnamed_proposal,未命名提案,Unnamed proposal,Propuesta sin nombre,,
delete,刪除,Delete,Eliminar,,
info_confirm_delete,確定刪除此提案？,Are you sure to delete the proposal?,¿Está seguro que desea eliminar?,,
,,,,,
ok,確定,OK,Sí,,
cancel,取消,Cancel,Cancelar,,
edit,修改,edit,Editar,,
,,,,,
member_account,帳號,Account,Cuenta,,
member_user,使用者資訊,User,Usuario,,
member_signout,登出,Signout,Cerrar sesíon,,
,,,,,
user_info,會員資料,User,Usuario,,
user_mail,信箱,Email,Email,,
user_plan,所屬方案,Plan,Plan,,
plan,方案,Plan,Plan,,
user_upgrade,升級,Upgrade,Actualizar,,
user_reset_password,重設密碼,Reset Password,Cambiar la contraseña,,
user_old_password,請輸入舊密碼,Your old password,La contraseña actual,,
user_new_password,請輸入新密碼,Your new password,Ingrese la nueva contraseña,,
user_new_password_again,請再次輸入新密碼,Confirm your new password,Confirmar nueva contraseña,,
user_password_not_match,密碼不相符，請重新輸入,Password not match,Las contraseña no coinciden,,
user_reset_successfully,密碼重設成功,Password reset successfully,Las contraseña coinciden,,
,,,,,
user_name,真實姓名,Name,Nombre,,
user_tell,聯絡電話,Tell,Número de teléfono,,
user_nicknme,暱稱,Nickname,Apodo,,
user_country,所在地區,Location,Ubiación,,
user_company,任職公司,Company,Empresa,,
user_title,職稱,Title,Cargo,,
,,,,,
user_agency_team_name,請輸入團隊名稱,Your team,Nombre de su eqipo,,
user_agency_type,身分,Account Type,,,
user_agency_remove,移除,Remove,Eliminar,,
user_agency_confirm_remove,確定刪除？,Are you sure to remove this member?,¿Está seguro que desea eliminar?,,
user_agency_invite,邀請新成員,Invite Collaborators,invitar a colaboradores,,
user_agency_invite_email,請輸入欲邀請人員的完整 email 帳號,Enter the full email address,Introduzca la dirección de email,You’ll only be able to find a GitHub user by their email address if they’ve chosen to list it publicly.,
user_agency_no_result,查無此信箱 或 此信箱未註冊，請再次檢查,No such account or not InteRed user. Please confirm the email complete and correct.,el correo electrónico que ha ingresado no coincide con ninguna cuenta,,
user_agency_user_is_invited,邀請失敗，該信箱用戶已屬於其他團隊,"Invite failed, the user has been joined other team","Error de invitación, este usuario ya ha unido al otro grupo.",,
user_agency_add_seat,管理空間,Manage Seats,Administar las plazas,,
user_agency_seat,剩餘空間：,Seats left : ,Queda__plazas,,
user_agency_not_admin,更改失敗，請重整確認您的權限,"Update failed, please refresh and confirm you authority","Error de actualización, confirme su derechos de acceso, por favor.",,
user_agency_exit,退出,Leave,Salir,,
user_agency_last_admin,您已是最後的 Admin 成員，請指派新管理者後才可退出,"You are the last admin member, please assign another admin before quit","Asigne otra administrador antes de salir, por favor.",,
user_agency_out,確定退出？,Confirm to Leave,¿Está seguro que desea salir?,,
user_agency_exit_success,您已成功退出！,Your account has left the team.,Ha salido del grupo.,,
user_seat_current,目前,Now,Actual,,
user_seat_purchased,購買空間：,Purchased seats : ,disponiblea:,,
user_seat_used,已使用空間：,Used seats : ,Ultilizado:,,
user_seat_cost,每月訂閱金額：,Bill : ,Precio:,,
user_seat_updated,修改,Edit,Cambiar a,,
user_seat_see_you_next_invoice,*費用將於下次帳單更新,Pricing would be updated next invoice.,El precio se cambia en la próxima factura,,
user_chancel,確定停用？,Confirm to cancel your subscription,confirmar cancelacion,,
user_chancel_confirm,停用方案,Cancel my subscription,Cancelar la suscripción,,
user_chancel_deny,返回,"No, thanks","No, gracias.",,
user_chancel_date,此次訂閱至,The subscription will expire at,La suscripcioón caduca en ,,
user_chancel_stop_pay,將不再繼續收費,and no longer to charge., y no le vamos a cobra.,,
user_chancel_success,您已成功退訂！,Your subscription has been canceled.,Ha cancelado la suscripción,,
user_pay_stop_pay,已停用，使用期限至,"Subscription canceled, expiration date",Ha cancelado la suscripción y caduca en,,
,,,,,
user_pay_history,付款記錄,Payment History,historial de pagos,,
user_pay_card,目前使用的信用卡,Current Credit Card,la tarjeta que está utilizando,,
user_pay_date,日期,Date,Fecha,,
user_pay_method,付款方式,Method,Forma de pago,,
user_pay_amunt,金額,Amount,monto del pago,,
user_pay_result,付款結果,Result,pago resultante,,
user_pay_success,付款成功,Payment Success,Pago realizado con éxito,,
user_pay_fail,付款失敗,Payment Failure,Error en el pago,,
user_pay_change_card,更換卡片,Change card,Pagar con otra tarjeta,,
,,,,,
user_pay_next_pay,下次付款日期,Next payment due,Su próxima fecha de pago,,
user_pay_contact,*若有付款相關問題，請聯絡我們,"If you have any payment problems, feel free to contact us.",si tiene alguna pregunta no dude en contactarnos,,
user_pay_change_card_success,卡片修改成功！,Card Change Success !,¡Ha cambiado la tarjeta!,,
,,,,,
payment_debiting_every_month,＊每個月將自動扣款,*auto-debiting your credit card every month.,*Pagos mensuales debitados automáticamente,,
payment_success_and_check,付款成功！您可以在「帳號」頁面中查看您的付款記錄,"Payment success! You can check your payment result at ""User"" page.",¡El pago ha sido realizado con éxito! Puede ver la información de su pago en la página de ¨Usuario¨,,
payment_unknown_error,發生不明錯誤，請聯繫我們，將有專人為您服務,"Unknown error. Please contact us.
","Se ha producido un error desconocido, contáctenos, por favor. ",,
payment_upgrade_tips_01,＊升級用戶照時間比例計價並於下次收費，不超收費用,"*If you're upgrading, the bill is according to the use","*Si actualiza, le cobramos según el uso y su fecha ",,
payment_upgrade_tips_02,,and the billing date is based on the day you subscribed.,de facturación se basa en el día que se suscribió,以後改成確切日期,
,,,,,
footer_youTube,YouTube 排名與分析專家,InteRed.co - YouTube Influencer Analysis Expert 排名與分析專家,InteRed.co - El Experto en Analítica de YouTube,,
footer_privacy_policy,隱私權政策,Privacy Policy,Privacidad,,
footer_term_of_service,使用條款,Term of Service,Condiciónes,,
,,,,,
contact_us,聯絡我們,Contact Us,Contáctenos,,
contact_name,名稱,Name,Nombre,,
contact_email,聯絡信箱,Email,Email,,
contact_company,任職企業,Company Name,Nomre de empresa,,
contact_website,企業官網,Company Website URL,URL del web de su empresa,,
contact_type,聯絡類型,Type of Your Inquiry,El tipo de consulta,,
contact_product,產品功能與介面問題,Product,Producto,,
contact_plan,企業方案諮詢,Brand & Agency plan,Planes para marcas y agencias,,
contact_cor,商業合作洽談,Collabration,colaboración,,
contact_social,社群行銷活動顧問、諮詢,Social Video Marketing Consulting,Consultoría de Marketing ,,
contact_youtube,YouTube 各類數據,Channel Data,Datos de los canales,,
contact_other,其他,Other,Otros,,
contact_content,聯絡內容,Content,Contenido,,
contact_confirm,確認,Confirm,Confirmar,,
contact_back,返回,Back,Volver,,
contact_submit,送出,Submit,Enviar,,
contact_success,成功送出！,Submit successfully,Se envió con éxito,【InteRed】 We've received your question!,
contact_wait,我們將會先寄發一封確認信到您的信箱，並盡快由專人回覆您！,We'll send a verification mail first and reply you soon.,Le enviaremos  un correo electrónico de verificación y  le contestaremos lo antes posible. ,Dear Name:,
contact_OK,OK,OK,OK,"We are sending this mail to confirmation, ensure we can contact you when we solve your question.",
contact_blank,此為必填欄位,Required fields can not be blank.,Por favor no deje espacios requeridos sin llenar.,"Please wait for a few moments, our speacilist will contact you soon.",
contact_again,再次聯絡,Contact again,Póngase nuevamente en contacto,Thanks you.,
,,,,*This is an automatically generated email – please do not reply to it. If you have more questions please email fion@intered.co,
language,語系,Language,Idioma,InteRed Team,
language_zh,中文,Chinese,Chino,,
language_en,英文,English,Inglés,,
language_es,西班牙文,Spainsh,Español,,
,,,,,
proposal_list_create,新增提案,Create,Crear,,
proposal_list_my,我的提案,My Proposals,Mis propuestas,,
proposal_list_create_name,輸入新提案名稱,Title of proposal ,Título de la propuesta,,
proposal_list_name,提案名稱,Proposal,Nombre del propuesta,,
proposal_list_last_edit,最後編輯時間:,Last edited,La última modificación,,
proposal_list_creators,已選擇創作者,Added creators,Añadir creatores,,
proposal_list_view,檢視,View,Ver,,
proposal_list_manage,編輯/刪除,Edit / Delete,Editar/Elimiar,,
proposal_list_confirm_delete,確定刪除,Are you sure to delete ,Está seguro de que desea eliminar,,
proposal_list_other,及其他,and,y ,,
people,人,people,personas,,
proposal_list_team,團隊提案,Team Proposals,Propuesta del equipo,,
,,,,,
proposal_id_info,基本資訊：,Channel Infomation,Información del canal,,
proposal_id_perform,近期表現：,Recent Performance,Resultados recientes ,,
proposal_id_growth,成長狀況：,Growth,Crecimiento,,
proposal_id_download,下載,Download,Descargar,,
proposal_id_add,貼上頻道網址以新增創作者,Add to proposal by channel URL. Eg https://www.youtube.com/channel/xxxxxx,"Añadir a la propuesta con el URL del canal. P.ej, https://www.youtube.com/channel/xxxxxx",,
proposal_id_find_nothing,您輸入的網址有誤，請檢查網址,"channel not found, check the url.","No coinciden con ningún canal, por favor compruebe el URL.",,
proposal_id_find_added,該頻道已在清單中,This channel has already in the list,El canal ya esta en la lista,,
proposal_id_scroll,*可左右滑動,*Scrolling the list,*Desplazarse por la lista d,,
proposal_id_time_sort,預設：依加入時間,Default (Added time),Ninguno(Tiempo añadido),,
proposal_id_daily_sub_growth,日訂閱成長率,Daily Subscriptions Growth,Crecimiento de suscriptores diario,,
proposal_id_daily_view,日觀看數,Daily Views,Vistas diarias,,
proposal_id_daily_view_growth,日觀看成長率,Daily Views Growth,Crecimiento de vistas al día,,
proposal_id_not_owner,提案的擁有者才可編輯,Only owner can edit. ,Solo la persona que posee la propuesta puede editar,,
,,,,,
userInfo_email,電子郵件,E-mail,Email,,
userInfo_identity,身份,Identity,Identidad,,
,,,,,
,,,,,
dataDesc_channelType,頻道類型：上傳最多的影片類型,,Categoría del canal: El tipo de vídeo más subido ,,
dataDesc_subscriberCount,訂閱數：累積的訂閱人數,Subscribers : Total Subscriptions of a channel.,Suscriptores: Suscriptores del canal,,
dataDesc_totalViewCount,總觀看數：所有影片累積的觀看總數,Total Views : Views of all videos.,Vistas totales: Vistas de todo los videos,,
dataDesc_totalEngegementCount,總互動數：近五十支影片的喜歡數、不喜歡數與評論數總和,"Total Engagements : The counts of all likes, dislikes and comments of last 50 videos.","La Tasa de Interacción : likes, dislikes, cometarios y shares de los último 50 videos",,
dataDesc_avgEngageRate,平均互動率：近五十支影片的互動率平均（互動總數除總觀看數）,Avg Engagements : Total Engagements divide by views of last 50 videos.,"La Tasa Media de Interacción: likes, cometarios y shares dividido por los último 50 videos",,
dataDesc_videoCount,影片總數：目前所有的影片總數,Total videos : The number of all uploaded videos.,Números de videos: El número del videos que ha subido,,
dataDesc_videoTheme,影片主題：近五十支影片的常見關鍵字,Theme : The most commonly used tags of last 50 videos.,Tema: La etiqueta más usado en los último 50 videos,,
dataDesc_videoCategory,影片分類：近五十支影片的類型,Category : The most commonly used categories of last 50 videos.,La categoría más clasificado: La categoría mas clasficado de los últimos 50 videos,,
dataDesc_recentAvgViewCount,近二十支平均觀看數：最新上傳二十支影片的觀看數平均,Avg views : The avg views of last 20 videos.,Vistas Promedio: El promedio de vistas de los últimos 20 videos,,
dataDesc_recentAvgEngageRate,近二十支平均互動率：最新上傳二十支影片的互動率平均（互動總數除以總觀看數）,Avg engagement : The avg engagement rate of last 20 videos (Total Engagements divide by views).,La Tasa Media de Interacción: La tasa media de Interacciónde los último 20 videos,,
dataDesc_recentTwoMonthAvgViewCount,近兩個月平均觀看數：近兩個月上傳的所有影片的觀看數平均（總觀看數除以總支數）,Avg views : The avg views of videos that uploaded in the last 2 month (Total views divide by video quantity).,La tasa media de vistas: Vistas de los videos que subiero en los dos últimos meses,,
dataDesc_recentTwoMonthAvgEngageRate,近兩個月平均互動率：近兩個月上傳的所有影片的互動率平均（互動總數除以總觀看數）,Avg engagement : The avg engagement rate of videos that uploaded in the last 2 month. (Total Engagements divide by views).,La Tasa Media de Interacción: La tasa media de Interacción de  los videos que han subido en los dos últimos meses,,
dataDesc_todaySubscriberCount,日訂閱數：今日較昨日新增加的訂閱數量,Daily Subscribers : The subscribers growth of last day.,Suscriptores al día: El crecimiento de suscriptores en el último día,,
dataDesc_todaySubscriberRate,日訂閱成長率：今日較昨日新增加的訂閱數與總訂閱數之比率,Daily Subscribers Growth : The subscribers growth of last day divide by total subscriptions.,El crecimiento suscriptores al día: La tasa del crecimiento de suscriptores de hoy compara con el de ayer,,
dataDesc_todayViewCount,日觀看數：今日較昨日新增加的觀看數量,Daily Views : The views growth of last day.,Vistas diaria: El crecimiento de la visualizción del último día,,
dataDesc_todayViewRate,日觀看成長率：今日較昨日新增加的觀看數與總觀看數之比率,Daily Views Growth : The views growth of last day divide by total views.,El crecimiento de vista diaria: El crecimiento de la vistas de hoy compara con total,,
dataDesc_monthSubscriberCount,月訂閱數：今日較一個月前新增加的訂閱數,Monthly Subscribers : The subscribers growth of last 30 days.,Suscriptores mensuales: El crecimiento de suscriptores en el último mes,,
dataDesc_monthSubscriberRate,月訂閱成長率：今日較一個月前新增加的訂閱數與總訂閱數之比率,Monthly Subscriptions Growth : The subscribers growth of last 30 days divide by total subscriptions.,El crecimiento de suscriptores mensuales: El crecimiento de suscriptores de este mes divde por el crecimiento de suscriptores total ,,
dataDesc_monthViewCount,月觀看數：今日較一個月前新增加的觀看數,Monthly Views : The views growth of last 30 days.,Vistas mensuales: El crecimiento de las vistas de los último 30 días,,
dataDesc_monthViewRate,月觀看成長率：今日較一個月前新增加的觀看數與總觀看數之比率,Monthly Views Growth : The views growth of last 30 days divide by total views.,El Crecimiento de Vistas Mensuales: El crecimiento de las visualizaciónes de los último 30 días,,
dataDesc_videoViews,影片觀看數：該影片目前累積的觀看次數,Views : Current views of a video.,Vistas:Vistas de los videos,,
dataDesc_videoEngage,影片互動率：該影片的互動總數除觀看數,Engagement Rate :  Total video Engagements divide by views.,"La Tasa de Interacción : likes, dislikes, cometarios y shares de los último 50 videos",,
,,,,,
agency_payment_title,Agency 方案,Agency Plan,Plan para agencias,,
agency_payment_user,使用者,user,Usuario,,
agency_payment_users,使用者,users,Usuarios,,
agency_payment_averge_price_1,平均每名使用者,Average,Promedio,,
agency_payment_averge_price_2,USD，節省,"USD per user, save","dólares por cada usuario, ahorra",,
agency_payment_invite,購買後將獲得空間(數量可更改)，每個受邀使用者皆享所有功能,"Get seats after payment, all invited users will have all features",Consiga plazas despúes de pagar y todo los invitados pueden usar todo los funciones ,,
agency_payment_placeholder,輸入幾名,How many,Cuántos,,
agency_payment_more,若有15位以上的使用者，可直接更改數字,"when users > 15, change the number directly","Cuando hay más de 15 usuarios, se pueden cambiar el número directamente. ",,
agency_payment_input_error,請輸入1以上數字,Numbers ≥ 1 only,Introduzca número más de uno,,
agency_payment_save,節省,save,ahorra,,
agency_payment_wtf,空間不可低於使用者數量,Purchased cannot be lower than used,El número de las plazas hay que ser más que el de usuarios,,
agency_payment_success,變更成功,Updated successfully,Actualización finalizada,,
agency_payment_error,變更失敗，請重試或聯絡我們,Unexpected error. Retry or contact us please.,Error inesperado. Intentelo otra vez o  póngase en contacto con nosotros ,,
,,,,,
proposal_id_share,分享,Share,Compartir,,
proposal_id_share_me,只有自己可以檢視與編輯,Only me can access & edit,Solo yo puedo acceder y editar,,
proposal_id_share_team,團隊成員可以檢視,My team can access,Mi equipo puede acceder,,
proposal_id_share_all,全部人可以檢視（7天）,Anyone can access(7 days),cualquiera puede acceder (7 días),,
proposal_id_share_copy,複製,Copy,Copiar,,
proposal_id_share_back,自動切換為,automatically switch to,Cambiar automáticamente a ,,
proposal_id_share_no_access_1,Oops! 提案不存在或存取權限不足,Oops! Proposal not found,"Uyyy, no se encuentra la propuesta.",,
proposal_id_share_no_access_2,,or you do not have the authority to access.,quizas no tiene la autorizacion de acceso ,,
,,,,,
info_list_panel_title,已選擇頻道,Selected Channels,Canales elegidos,,
info_list_panel_save,儲存變更,Save,Guardar,,
info_list_panel_unsave,若有任何變更，請點擊按鈕儲存！,"If there are any changes, click ""Save""!","Si hay algunos cambios, haga click en el ¨Guardar¨",,
info_list_panel_all_saved,變更已儲存！,The changes have been saved!,se han guardado los cambios,,
info_list_panel_chose,選擇提案,Select a proposal,Selecionar,,
info_list_panel_deny,此為 Agency 方案功能，,"That's a feature of Agency plan, ",Eso es una función del plan de agencia,,
info_list_panel_deny_2,點此升級,click to unlock.,Haz un click para desbloquearlo,,
info_list_panel_alert,是否儲存提案,Save the changes of,¿Guardar los cambios de,,
info_list_panel_alert_2,的變更？,?,?,,
info_list_panel_discard,捨棄變更,Discard,Descartar ,,
info_list_panel_no_proposal,尚未選擇提案！,No proposal has been selected!,No ha selecionado ninguna propuesta,,
,,,,,
payment_ridiculous,＊已分享此平台的網紅才可享有此優惠方案,*For creators who has shared this website only,*Solo para los que han compartido esta página,,
,,,,,
user_cancel_intro_1,雖然相當遺憾您決定停用，但仍非常感謝您這段時間的青睞。,We're sorry to see you go!,Lamentamos que quiera irse.,,
user_cancel_intro_2,停用前請協助我們完成一份調查，此調查用於改進產品且絕對保密，希望未來能有機會為您服務。,Please help us learn more about why you decided to cancel. Your responses will be kept confidential and will not be shared with any other party.,"Por favor, ayudenos a saber porque se decide a darse baja. Todas las respuestas de este cuestionario serán analizadas de forma totalmente confidencial y no será compartida con ningún tercero.",,
user_cancel_question_satisfy,"整體來說, 您是否滿意本服務？","Overall, how satisfied were you with your subscription?",¿Cuál es su nivel de satisfacción general con su subscripción?,,
user_cancel_answer_very_satisfied,非常滿意,Very Satisfied,muy satisfecho,,
user_cancel_answer_somewhat_satisfied,滿意,Somewhat Satisfied,Satisfechos,,
user_cancel_answer_neutral,普通,Neutral,"Ni satisfechos, ni insatisfechos",,
user_cancel_answer_unsatisfied,不滿意,Unsatisfied,Insatisfechos,,
user_cancel_answer_very_unsatisfied,非常不滿意,Very Unsatisfied,Muy insatisfechos,,
user_cancel_question_reason,您決定停用方案的主要因素為？,What was the primary reason for canceling your subscription?,¿Cuál es el motivo principal de cancelar?,,
user_cancel_answer_back,暫時無需求，未來我若有需求會再訂閱,This is only temporary. I'll be back!,"Ahora no lo necesito, volvere cuando necesite",,
user_cancel_answer_didnt_meet_need,服務與我的需求不符,It didn't meet my needs.,No cubre todas mis necesidades.,,
user_cancel_answer_quality,我對此服務的品質不滿意,Quality was less than expected.,La calidad es un poco peor que lo que yo esperaba,,
user_cancel_answer_alternative,我找到了更好的替代品,I found an alternative.,Encontré un producto alternativo,,
user_cancel_answer_customer_service,客戶服務不佳,Customer service was less than expected.,El servicio al cliente es peor a lo que se esperaba.,,
user_cancel_question_purpose,您使用本服務想達成的目的？（可複選）,What was your goal of using this service? (Multiple selections accepted ),Cuál era su motivo para utilizar este servicio? (selecciones múltiples),,
user_cancel_answer_find,尋找網紅、YouTuber，執行網紅行銷,Find YouTube influencers,Buscar influencers de YouTube,,
user_cancel_answer_analyze,數據分析特定網紅、YouTube 頻道,"Analyze influencers, channel and videos","Analizar influencers, canales y videos",,
user_cancel_answer_ranking,查看頻道排行、追蹤趨勢,Check and follow the ranking list,Visualizar la lista del ranking,,
user_cancel_answer_project,優化網紅行銷專案管理,Optimize project management of influencer marketing,Optimizar la gestión de ,,
user_cancel_answer_channel,優化頻道經營,Optimize my own YouTube channels or videos,Optimizar mi canal y los videos.,,
user_cancel_question_resubsribe,您未來是否會再訂閱本服務？,Would you use our product in the future?,¿Volverá a InteRed en el futuro?,,
user_cancel_answer_definitely,一定會,Definitely,por supuesto,,
user_cancel_answer_probably,可能會,Probably,Probablemente,,
user_cancel_answer_notsure,不確定,Not Sure,no estoy seguro ,,
user_cancel_answer_probablynot,可能不會,Probably Not,Probablemente no,,
user_cancel_answer_definitelynot,一定不會,Definitely Not,Definitivamente no,,
user_cancel_question_feedback,您覺得本服務有哪裡需要改善？或希望提供什麼服務？,What could we do to improve?,Qué podemos hacer para mejorar,,
user_cancel_not_finish,尚有問題或欄位未填寫！,There are still some questions to be answered.,todavia quedan preguntas sin contestar,,
user_cancel_stop,停用,Cancel my subscription,Cancelar la suscripción,,
,,,,,
info_list_no_result,找不到符合的結果，建議：,No Results Found.,No se han encontrado resultados ,,
info_list_no_result_adjust_filter,放寬篩選條件,Try adjusting the filters,Intentar cambiar los condiciones,,
info_list_no_channel_id,直接輸入頻道 ID,Try searching by channel ID,Intentar introducir el ID del canal,,
,,,,,
info_list_search_for,搜尋,Search for,Buscar sobre,,
,,,,,
payment_upgrade_success,升級成功！您可以在「帳號」頁面中查看您的付款記錄,"Upgrade successfully! You can check your plan on ""User"" page.",¡Actualizción completa! Puede mirar a su cuenta.,,